symbol,datetime,open,high,low,close,volume
AAPL,2024-01-02 14:30:00,187.14999389648438,188.44000244140625,183.88999938964844,185.63999938964844,82488700
AAPL,2024-01-03 14:30:00,184.22000122070312,185.8800048828125,183.42999267578125,184.25,58414500
AAPL,2024-01-04 14:30:00,182.14999389648438,183.08999633789062,180.8800048828125,181.91000366210938,71983600
AAPL,2024-01-05 14:30:00,181.99000549316406,182.75999450683594,180.1699981689453,181.17999267578125,62379700
AAPL,2024-01-08 14:30:00,182.08999633789062,185.60000610351562,181.5,185.55999755859375,59144500
AAPL,2024-01-09 14:30:00,183.9199981689453,185.14999389648438,182.72999572753906,185.13999938964844,42841800
AAPL,2024-01-10 14:30:00,184.35000610351562,186.39999389648438,183.9199981689453,186.19000244140625,46792900
AAPL,2024-01-11 14:30:00,186.5399932861328,187.0500030517578,183.6199951171875,185.58999633789062,49128400
AAPL,2024-01-12 14:30:00,186.05999755859375,186.74000549316406,185.19000244140625,185.9199981689453,40477800
AAPL,2024-01-16 14:30:00,182.16000366210938,184.25999450683594,180.92999267578125,183.6300048828125,65603000
AAPL,2024-01-17 14:30:00,181.27000427246094,182.92999267578125,180.3000030517578,182.67999267578125,47317400
AAPL,2024-01-18 14:30:00,186.08999633789062,189.13999938964844,185.8300018310547,188.6300048828125,78005800
AAPL,2024-01-19 14:30:00,189.3300018310547,191.9499969482422,188.82000732421875,191.55999755859375,68903000
AAPL,2024-01-22 14:30:00,192.3000030517578,195.3300018310547,192.25999450683594,193.88999938964844,60133900
AAPL,2024-01-23 14:30:00,195.02000427246094,195.75,193.8300018310547,195.17999267578125,42355600
AAPL,2024-01-24 14:30:00,195.4199981689453,196.3800048828125,194.33999633789062,194.5,53631300
AAPL,2024-01-25 14:30:00,195.22000122070312,196.27000427246094,193.11000061035156,194.1699981689453,54822100
AAPL,2024-01-26 14:30:00,194.27000427246094,194.75999450683594,191.94000244140625,192.4199981689453,44594000
AAPL,2024-01-29 14:30:00,192.00999450683594,192.1999969482422,189.5800018310547,191.72999572753906,47145600
AAPL,2024-01-30 14:30:00,190.94000244140625,191.8000030517578,187.47000122070312,188.0399932861328,55859400
AAPL,2024-01-31 14:30:00,187.0399932861328,187.10000610351562,184.35000610351562,184.39999389648438,55467800
AAPL,2024-02-01 14:30:00,183.99000549316406,186.9499969482422,183.82000732421875,186.86000061035156,64885400
AAPL,2024-02-02 14:30:00,179.86000061035156,187.3300018310547,179.25,185.85000610351562,102551700
AAPL,2024-02-05 14:30:00,188.14999389648438,189.25,185.83999633789062,187.67999267578125,69668800
AAPL,2024-02-06 14:30:00,186.86000061035156,189.30999755859375,186.77000427246094,189.3000030517578,43490800
AAPL,2024-02-07 14:30:00,190.63999938964844,191.0500030517578,188.61000061035156,189.41000366210938,53439000
AAPL,2024-02-08 14:30:00,189.38999938964844,189.5399932861328,187.35000610351562,188.32000732421875,40962000
AAPL,2024-02-09 14:30:00,188.64999389648438,189.99000549316406,188.0,188.85000610351562,45155200
AAPL,2024-02-12 14:30:00,188.4199981689453,188.6699981689453,186.7899932861328,187.14999389648438,41781900
AAPL,2024-02-13 14:30:00,185.77000427246094,186.2100067138672,183.50999450683594,185.0399932861328,56529500
AAPL,2024-02-14 14:30:00,185.32000732421875,185.52999877929688,182.44000244140625,184.14999389648438,54630500
AAPL,2024-02-15 14:30:00,183.5500030517578,184.49000549316406,181.35000610351562,183.86000061035156,65434500
AAPL,2024-02-16 14:30:00,183.4199981689453,184.85000610351562,181.6699981689453,182.30999755859375,49752500
AAPL,2024-02-20 14:30:00,181.7899932861328,182.42999267578125,180.0,181.55999755859375,53665600
AAPL,2024-02-21 14:30:00,181.94000244140625,182.88999938964844,180.66000366210938,182.32000732421875,41371400
AAPL,2024-02-22 14:30:00,183.47999572753906,184.9600067138672,182.4600067138672,184.3699951171875,52292200
AAPL,2024-02-23 14:30:00,185.00999450683594,185.0399932861328,182.22999572753906,182.52000427246094,45119700
AAPL,2024-02-26 14:30:00,182.24000549316406,182.75999450683594,180.64999389648438,181.16000366210938,40867400
AAPL,2024-02-27 14:30:00,181.10000610351562,183.9199981689453,179.55999755859375,182.6300048828125,54318900
AAPL,2024-02-28 14:30:00,182.50999450683594,183.1199951171875,180.1300048828125,181.4199981689453,48953900
AAPL,2024-02-29 14:30:00,181.27000427246094,182.57000732421875,179.52999877929688,180.75,136682600
AAPL,2024-03-01 14:30:00,179.5500030517578,180.52999877929688,177.3800048828125,179.66000366210938,73563100
AAPL,2024-03-04 14:30:00,176.14999389648438,176.89999389648438,173.7899932861328,175.10000610351562,81510100
AAPL,2024-03-05 14:30:00,170.75999450683594,172.0399932861328,169.6199951171875,170.1199951171875,95132400
AAPL,2024-03-06 14:30:00,171.05999755859375,171.24000549316406,168.67999267578125,169.1199951171875,68587700
AAPL,2024-03-07 14:30:00,169.14999389648438,170.72999572753906,168.49000549316406,169.0,71765100
AAPL,2024-03-08 14:30:00,169.0,173.6999969482422,168.94000244140625,170.72999572753906,76267000
AAPL,2024-03-11 13:30:00,172.94000244140625,174.3800048828125,172.0500030517578,172.75,60139500
AAPL,2024-03-12 13:30:00,173.14999389648438,174.02999877929688,171.00999450683594,173.22999572753906,59825400
AAPL,2024-03-13 13:30:00,172.77000427246094,173.19000244140625,170.75999450683594,171.1300048828125,52488700
AAPL,2024-03-14 13:30:00,172.91000366210938,174.30999755859375,172.0500030517578,173.0,72913500
AAPL,2024-03-15 13:30:00,171.1699981689453,172.6199951171875,170.2899932861328,172.6199951171875,121752700
AAPL,2024-03-18 13:30:00,175.57000732421875,177.7100067138672,173.52000427246094,173.72000122070312,75604200
AAPL,2024-03-19 13:30:00,174.33999633789062,176.61000061035156,173.02999877929688,176.0800018310547,55215200
AAPL,2024-03-20 13:30:00,175.72000122070312,178.6699981689453,175.08999633789062,178.6699981689453,53423100
AAPL,2024-03-21 13:30:00,177.0500030517578,177.49000549316406,170.83999633789062,171.3699951171875,106181300
AAPL,2024-03-22 13:30:00,171.75999450683594,173.0500030517578,170.05999755859375,172.27999877929688,71160100
AAPL,2024-03-25 13:30:00,170.57000732421875,171.94000244140625,169.4499969482422,170.85000610351562,54288300
AAPL,2024-03-26 13:30:00,170.0,171.4199981689453,169.5800018310547,169.7100067138672,57388400
AAPL,2024-03-27 13:30:00,170.41000366210938,173.60000610351562,170.11000061035156,173.30999755859375,60273300
AAPL,2024-03-28 13:30:00,171.75,172.22999572753906,170.50999450683594,171.47999572753906,65672700
AAPL,2024-04-01 13:30:00,171.19000244140625,171.25,169.47999572753906,170.02999877929688,46240500
AAPL,2024-04-02 13:30:00,169.0800018310547,169.33999633789062,168.22999572753906,168.83999633789062,49329500
AAPL,2024-04-03 13:30:00,168.7899932861328,170.67999267578125,168.5800018310547,169.64999389648438,47691700
AAPL,2024-04-04 13:30:00,170.2899932861328,171.9199981689453,168.82000732421875,168.82000732421875,53704400
AAPL,2024-04-05 13:30:00,169.58999633789062,170.38999938964844,168.9499969482422,169.5800018310547,42104800
AAPL,2024-04-08 13:30:00,169.02999877929688,169.1999969482422,168.24000549316406,168.4499969482422,37425500
AAPL,2024-04-09 13:30:00,168.6999969482422,170.0800018310547,168.35000610351562,169.6699981689453,42373800
AAPL,2024-04-10 13:30:00,168.8000030517578,169.08999633789062,167.11000061035156,167.77999877929688,49709300
AAPL,2024-04-11 13:30:00,168.33999633789062,175.4600067138672,168.16000366210938,175.0399932861328,91070300
AAPL,2024-04-12 13:30:00,174.25999450683594,178.36000061035156,174.2100067138672,176.5500030517578,101670900
AAPL,2024-04-15 13:30:00,175.36000061035156,176.6300048828125,172.5,172.69000244140625,73531800
AAPL,2024-04-16 13:30:00,171.75,173.75999450683594,168.27000427246094,169.3800048828125,73711200
AAPL,2024-04-17 13:30:00,169.61000061035156,170.64999389648438,168.0,168.0,50901200
AAPL,2024-04-18 13:30:00,168.02999877929688,168.63999938964844,166.5500030517578,167.0399932861328,43122900
AAPL,2024-04-19 13:30:00,166.2100067138672,166.39999389648438,164.0800018310547,165.0,68149400
AAPL,2024-04-22 13:30:00,165.52000427246094,167.25999450683594,164.77000427246094,165.83999633789062,48116400
AAPL,2024-04-23 13:30:00,165.35000610351562,167.0500030517578,164.9199981689453,166.89999389648438,49537800
AAPL,2024-04-24 13:30:00,166.5399932861328,169.3000030517578,166.2100067138672,169.02000427246094,48251800
AAPL,2024-04-25 13:30:00,169.52999877929688,170.61000061035156,168.14999389648438,169.88999938964844,50558300
AAPL,2024-04-26 13:30:00,169.8800048828125,171.33999633789062,169.17999267578125,169.3000030517578,44838400
AAPL,2024-04-29 13:30:00,173.3699951171875,176.02999877929688,173.10000610351562,173.5,68169400
AAPL,2024-04-30 13:30:00,173.3300018310547,174.99000549316406,170.0,170.3300018310547,65934800
AAPL,2024-05-01 13:30:00,169.5800018310547,172.7100067138672,169.11000061035156,169.3000030517578,50383100
AAPL,2024-05-02 13:30:00,172.50999450683594,173.4199981689453,170.88999938964844,173.02999877929688,94214900
AAPL,2024-05-03 13:30:00,186.64999389648438,187.0,182.66000366210938,183.3800048828125,163224100
AAPL,2024-05-06 13:30:00,182.35000610351562,184.1999969482422,180.4199981689453,181.7100067138672,78569700
AAPL,2024-05-07 13:30:00,183.4499969482422,184.89999389648438,181.32000732421875,182.39999389648438,77305800
AAPL,2024-05-08 13:30:00,182.85000610351562,183.07000732421875,181.4499969482422,182.74000549316406,45057100
AAPL,2024-05-09 13:30:00,182.55999755859375,184.66000366210938,182.11000061035156,184.57000732421875,48983000
AAPL,2024-05-10 13:30:00,184.89999389648438,185.08999633789062,182.1300048828125,183.0500030517578,50759500
AAPL,2024-05-13 13:30:00,185.44000244140625,187.10000610351562,184.6199951171875,186.27999877929688,72044800
AAPL,2024-05-14 13:30:00,187.50999450683594,188.3000030517578,186.2899932861328,187.42999267578125,52393600
AAPL,2024-05-15 13:30:00,187.91000366210938,190.64999389648438,187.3699951171875,189.72000122070312,70400000
AAPL,2024-05-16 13:30:00,190.47000122070312,191.10000610351562,189.66000366210938,189.83999633789062,52845200
AAPL,2024-05-17 13:30:00,189.50999450683594,190.80999755859375,189.17999267578125,189.8699951171875,41282900
AAPL,2024-05-20 13:30:00,189.3300018310547,191.9199981689453,189.00999450683594,191.0399932861328,44361300
AAPL,2024-05-21 13:30:00,191.08999633789062,192.72999572753906,190.9199981689453,192.35000610351562,42309400
AAPL,2024-05-22 13:30:00,192.27000427246094,192.82000732421875,190.27000427246094,190.89999389648438,34648500
AAPL,2024-05-23 13:30:00,190.97999572753906,191.0,186.6300048828125,186.8800048828125,51005900
AAPL,2024-05-24 13:30:00,188.82000732421875,190.5800018310547,188.0399932861328,189.97999572753906,36327000
AAPL,2024-05-28 13:30:00,191.50999450683594,193.0,189.10000610351562,189.99000549316406,52280100
AAPL,2024-05-29 13:30:00,189.61000061035156,192.25,189.50999450683594,190.2899932861328,53068000
AAPL,2024-05-30 13:30:00,190.75999450683594,192.17999267578125,190.6300048828125,191.2899932861328,49889100
AAPL,2024-05-31 13:30:00,191.44000244140625,192.57000732421875,189.91000366210938,192.25,75158300
AAPL,2024-06-03 13:30:00,192.89999389648438,194.99000549316406,192.52000427246094,194.02999877929688,50080500
AAPL,2024-06-04 13:30:00,194.63999938964844,195.32000732421875,193.02999877929688,194.35000610351562,47471400
AAPL,2024-06-05 13:30:00,195.39999389648438,196.89999389648438,194.8699951171875,195.8699951171875,54156800
AAPL,2024-06-06 13:30:00,195.69000244140625,196.5,194.1699981689453,194.47999572753906,41181800
AAPL,2024-06-07 13:30:00,194.64999389648438,196.94000244140625,194.13999938964844,196.88999938964844,53103900
AAPL,2024-06-10 13:30:00,196.89999389648438,197.3000030517578,192.14999389648438,193.1199951171875,97010200
AAPL,2024-06-11 13:30:00,193.64999389648438,207.16000366210938,193.6300048828125,207.14999389648438,172373300
AAPL,2024-06-12 13:30:00,207.3699951171875,220.1999969482422,206.89999389648438,213.07000732421875,198134300
AAPL,2024-06-13 13:30:00,214.74000549316406,216.75,211.60000610351562,214.24000549316406,97862700
AAPL,2024-06-14 13:30:00,213.85000610351562,215.1699981689453,211.3000030517578,212.49000549316406,70122700
AAPL,2024-06-17 13:30:00,213.3699951171875,218.9499969482422,212.72000122070312,216.6699981689453,93728300
AAPL,2024-06-18 13:30:00,217.58999633789062,218.6300048828125,213.0,214.2899932861328,79943300
AAPL,2024-06-20 13:30:00,213.92999267578125,214.24000549316406,208.85000610351562,209.67999267578125,86172500
AAPL,2024-06-21 13:30:00,210.38999938964844,211.88999938964844,207.11000061035156,207.49000549316406,241805100
AAPL,2024-06-24 13:30:00,207.72000122070312,212.6999969482422,206.58999633789062,208.13999938964844,80727000
AAPL,2024-06-25 13:30:00,209.14999389648438,211.3800048828125,208.61000061035156,209.07000732421875,55549700
AAPL,2024-06-26 13:30:00,211.5,214.86000061035156,210.63999938964844,213.25,66213200
AAPL,2024-06-27 13:30:00,214.69000244140625,215.74000549316406,212.35000610351562,214.10000610351562,49772700
AAPL,2024-06-28 13:30:00,215.77000427246094,216.07000732421875,210.3000030517578,210.6199951171875,82542700
AAPL,2024-07-01 13:30:00,212.08999633789062,217.50999450683594,211.9199981689453,216.75,60402900
AAPL,2024-07-02 13:30:00,216.14999389648438,220.3800048828125,215.10000610351562,220.27000427246094,58046200
AAPL,2024-07-03 13:30:00,220.0,221.5500030517578,219.02999877929688,221.5500030517578,37369800
AAPL,2024-07-05 13:30:00,221.64999389648438,226.4499969482422,221.64999389648438,226.33999633789062,60412400
AAPL,2024-07-08 13:30:00,227.08999633789062,227.85000610351562,223.25,227.82000732421875,59085900
AAPL,2024-07-09 13:30:00,227.92999267578125,229.39999389648438,226.3699951171875,228.67999267578125,48076100
AAPL,2024-07-10 13:30:00,229.3000030517578,233.0800018310547,229.25,232.97999572753906,62627700
AAPL,2024-07-11 13:30:00,231.38999938964844,232.38999938964844,225.77000427246094,227.57000732421875,64710600
AAPL,2024-07-12 13:30:00,228.9199981689453,232.63999938964844,228.67999267578125,230.5399932861328,53046500
AAPL,2024-07-15 13:30:00,236.47999572753906,237.22999572753906,233.08999633789062,234.39999389648438,62631300
AAPL,2024-07-16 13:30:00,235.0,236.27000427246094,232.3300018310547,234.82000732421875,43234300
AAPL,2024-07-17 13:30:00,229.4499969482422,231.4600067138672,226.63999938964844,228.8800048828125,57345900
AAPL,2024-07-18 13:30:00,230.27999877929688,230.44000244140625,222.27000427246094,224.17999267578125,66034600
AAPL,2024-07-19 13:30:00,224.82000732421875,226.8000030517578,223.27999877929688,224.30999755859375,49151500
AAPL,2024-07-22 13:30:00,227.00999450683594,227.77999877929688,223.08999633789062,223.9600067138672,48201800
AAPL,2024-07-23 13:30:00,224.3699951171875,226.94000244140625,222.67999267578125,225.00999450683594,39960300
AAPL,2024-07-24 13:30:00,224.0,224.8000030517578,217.1300048828125,218.5399932861328,61777600
AAPL,2024-07-25 13:30:00,218.92999267578125,220.85000610351562,214.6199951171875,217.49000549316406,51391200
AAPL,2024-07-26 13:30:00,218.6999969482422,219.49000549316406,216.00999450683594,217.9600067138672,41601300
AAPL,2024-07-29 13:30:00,216.9600067138672,219.3000030517578,215.75,218.24000549316406,36311800
AAPL,2024-07-30 13:30:00,219.19000244140625,220.3300018310547,216.1199951171875,218.8000030517578,41643800
AAPL,2024-07-31 13:30:00,221.44000244140625,223.82000732421875,220.6300048828125,222.0800018310547,50036300
AAPL,2024-08-01 13:30:00,224.3699951171875,224.47999572753906,217.02000427246094,218.36000061035156,62501000
AAPL,2024-08-02 13:30:00,219.14999389648438,225.60000610351562,217.7100067138672,219.86000061035156,105568600
AAPL,2024-08-05 13:30:00,199.08999633789062,213.5,196.0,209.27000427246094,119548600
AAPL,2024-08-06 13:30:00,205.3000030517578,209.99000549316406,201.07000732421875,207.22999572753906,69660500
AAPL,2024-08-07 13:30:00,206.89999389648438,213.63999938964844,206.38999938964844,209.82000732421875,63516400
AAPL,2024-08-08 13:30:00,213.11000061035156,214.1999969482422,208.8300018310547,213.30999755859375,47161100
AAPL,2024-08-09 13:30:00,212.10000610351562,216.77999877929688,211.97000122070312,216.24000549316406,42201600
AAPL,2024-08-12 13:30:00,216.07000732421875,219.50999450683594,215.60000610351562,217.52999877929688,38028100
AAPL,2024-08-13 13:30:00,219.00999450683594,221.88999938964844,219.00999450683594,221.27000427246094,44155300
AAPL,2024-08-14 13:30:00,220.57000732421875,223.02999877929688,219.6999969482422,221.72000122070312,41960600
AAPL,2024-08-15 13:30:00,224.60000610351562,225.35000610351562,222.75999450683594,224.72000122070312,46414000
AAPL,2024-08-16 13:30:00,223.9199981689453,226.8300018310547,223.64999389648438,226.0500030517578,44340200
AAPL,2024-08-19 13:30:00,225.72000122070312,225.99000549316406,223.0399932861328,225.88999938964844,40687800
AAPL,2024-08-20 13:30:00,225.77000427246094,227.1699981689453,225.4499969482422,226.50999450683594,30299000
AAPL,2024-08-21 13:30:00,226.52000427246094,227.97999572753906,225.0500030517578,226.39999389648438,34765500
AAPL,2024-08-22 13:30:00,227.7899932861328,228.33999633789062,223.89999389648438,224.52999877929688,43695300
AAPL,2024-08-23 13:30:00,225.66000366210938,228.22000122070312,224.3300018310547,226.83999633789062,38677300
AAPL,2024-08-26 13:30:00,226.75999450683594,227.27999877929688,223.88999938964844,227.17999267578125,30602200
AAPL,2024-08-27 13:30:00,226.0,228.85000610351562,224.88999938964844,228.02999877929688,35934600
AAPL,2024-08-28 13:30:00,227.9199981689453,229.86000061035156,225.67999267578125,226.49000549316406,38052200
AAPL,2024-08-29 13:30:00,230.10000610351562,232.9199981689453,228.8800048828125,229.7899932861328,51906300
AAPL,2024-08-30 13:30:00,230.19000244140625,230.39999389648438,227.47999572753906,229.0,52990800
AAPL,2024-09-03 13:30:00,228.5500030517578,229.0,221.1699981689453,222.77000427246094,50190600
AAPL,2024-09-04 13:30:00,221.66000366210938,221.77999877929688,217.47999572753906,220.85000610351562,43840200
AAPL,2024-09-05 13:30:00,221.6300048828125,225.47999572753906,221.52000427246094,222.3800048828125,36615400
AAPL,2024-09-06 13:30:00,223.9499969482422,225.24000549316406,219.77000427246094,220.82000732421875,48423000
AAPL,2024-09-09 13:30:00,220.82000732421875,221.27000427246094,216.7100067138672,220.91000366210938,67180000
AAPL,2024-09-10 13:30:00,218.9199981689453,221.47999572753906,216.72999572753906,220.11000061035156,51591000
AAPL,2024-09-11 13:30:00,221.4600067138672,223.08999633789062,217.88999938964844,222.66000366210938,44587100
AAPL,2024-09-12 13:30:00,222.5,223.5500030517578,219.82000732421875,222.77000427246094,37455600
AAPL,2024-09-13 13:30:00,223.5800018310547,224.0399932861328,221.91000366210938,222.5,36766600
AAPL,2024-09-16 13:30:00,216.5399932861328,217.22000122070312,213.9199981689453,216.32000732421875,59357400
AAPL,2024-09-17 13:30:00,215.75,216.89999389648438,214.5,216.7899932861328,45519300
AAPL,2024-09-18 13:30:00,217.5500030517578,222.7100067138672,217.5399932861328,220.69000244140625,59894900
AAPL,2024-09-19 13:30:00,224.99000549316406,229.82000732421875,224.6300048828125,228.8699951171875,66781300
AAPL,2024-09-20 13:30:00,229.97000122070312,233.08999633789062,227.6199951171875,228.1999969482422,318679900
AAPL,2024-09-23 13:30:00,227.33999633789062,229.4499969482422,225.80999755859375,226.47000122070312,54146000
AAPL,2024-09-24 13:30:00,228.64999389648438,229.35000610351562,225.72999572753906,227.3699951171875,43556100
AAPL,2024-09-25 13:30:00,224.92999267578125,227.2899932861328,224.02000427246094,226.3699951171875,42308700
AAPL,2024-09-26 13:30:00,227.3000030517578,228.5,225.41000366210938,227.52000427246094,36636700
AAPL,2024-09-27 13:30:00,228.4600067138672,229.52000427246094,227.3000030517578,227.7899932861328,34026000
AAPL,2024-09-30 13:30:00,230.0399932861328,233.0,229.64999389648438,233.0,54541900
AAPL,2024-10-01 13:30:00,229.52000427246094,229.64999389648438,223.74000549316406,226.2100067138672,63285000
AAPL,2024-10-02 13:30:00,225.88999938964844,227.3699951171875,223.02000427246094,226.77999877929688,32880600
AAPL,2024-10-03 13:30:00,225.13999938964844,226.80999755859375,223.32000732421875,225.6699981689453,34044200
AAPL,2024-10-04 13:30:00,227.89999389648438,228.0,224.1300048828125,226.8000030517578,37245100
AAPL,2024-10-07 13:30:00,224.5,225.69000244140625,221.3300018310547,221.69000244140625,39505400
AAPL,2024-10-08 13:30:00,224.3000030517578,225.97999572753906,223.25,225.77000427246094,31855700
AAPL,2024-10-09 13:30:00,225.22999572753906,229.75,224.8300018310547,229.5399932861328,33591100
AAPL,2024-10-10 13:30:00,227.77999877929688,229.5,227.1699981689453,229.0399932861328,28183500
AAPL,2024-10-11 13:30:00,229.3000030517578,229.41000366210938,227.33999633789062,227.5500030517578,31759200
AAPL,2024-10-14 13:30:00,228.6999969482422,231.72999572753906,228.60000610351562,231.3000030517578,39882100
AAPL,2024-10-15 13:30:00,233.61000061035156,237.49000549316406,232.3699951171875,233.85000610351562,64751400
AAPL,2024-10-16 13:30:00,231.60000610351562,232.1199951171875,229.83999633789062,231.77999877929688,34082200
AAPL,2024-10-17 13:30:00,233.42999267578125,233.85000610351562,230.52000427246094,232.14999389648438,32993800
AAPL,2024-10-18 13:30:00,236.17999267578125,236.17999267578125,234.00999450683594,235.0,46431500
AAPL,2024-10-21 13:30:00,234.4499969482422,236.85000610351562,234.4499969482422,236.47999572753906,36254500
AAPL,2024-10-22 13:30:00,233.88999938964844,236.22000122070312,232.60000610351562,235.86000061035156,38846600
AAPL,2024-10-23 13:30:00,234.0800018310547,235.13999938964844,227.75999450683594,230.75999450683594,52287000
AAPL,2024-10-24 13:30:00,229.97999572753906,230.82000732421875,228.41000366210938,230.57000732421875,31109500
AAPL,2024-10-25 13:30:00,229.74000549316406,233.22000122070312,229.57000732421875,231.41000366210938,38802300
AAPL,2024-10-28 13:30:00,233.32000732421875,234.72999572753906,232.5500030517578,233.39999389648438,36087100
AAPL,2024-10-29 13:30:00,233.10000610351562,234.3300018310547,232.32000732421875,233.6699981689453,35417200
AAPL,2024-10-30 13:30:00,232.61000061035156,233.47000122070312,229.5500030517578,230.10000610351562,47070900
AAPL,2024-10-31 13:30:00,229.33999633789062,229.8300018310547,225.3699951171875,225.91000366210938,64370100
AAPL,2024-11-01 13:30:00,220.97000122070312,225.35000610351562,220.27000427246094,222.91000366210938,65276700
AAPL,2024-11-04 14:30:00,220.99000549316406,222.7899932861328,219.7100067138672,222.00999450683594,44944500
AAPL,2024-11-05 14:30:00,221.8000030517578,223.9499969482422,221.13999938964844,223.4499969482422,28111300
AAPL,2024-11-06 14:30:00,222.61000061035156,226.07000732421875,221.19000244140625,222.72000122070312,54561100
AAPL,2024-11-07 14:30:00,224.6300048828125,227.8800048828125,224.57000732421875,227.47999572753906,42137700
AAPL,2024-11-08 14:30:00,227.1699981689453,228.66000366210938,226.41000366210938,226.9600067138672,38328800
AAPL,2024-11-11 14:30:00,225.0,225.6999969482422,221.5,224.22999572753906,42005600
AAPL,2024-11-12 14:30:00,224.5500030517578,225.58999633789062,223.36000061035156,224.22999572753906,40398300
AAPL,2024-11-13 14:30:00,224.00999450683594,226.64999389648438,222.75999450683594,225.1199951171875,48566200
AAPL,2024-11-14 14:30:00,225.02000427246094,228.8699951171875,225.0,228.22000122070312,44923900
AAPL,2024-11-15 14:30:00,226.39999389648438,226.9199981689453,224.27000427246094,225.0,47923700
AAPL,2024-11-18 14:30:00,225.25,229.74000549316406,225.1699981689453,228.02000427246094,44633700
AAPL,2024-11-19 14:30:00,226.97999572753906,230.16000366210938,226.66000366210938,228.27999877929688,36211800
AAPL,2024-11-20 14:30:00,228.05999755859375,229.92999267578125,225.88999938964844,229.0,35169600
AAPL,2024-11-21 14:30:00,228.8800048828125,230.16000366210938,225.7100067138672,228.52000427246094,42108300
AAPL,2024-11-22 14:30:00,228.05999755859375,230.72000122070312,228.05999755859375,229.8699951171875,38168300
AAPL,2024-11-25 14:30:00,231.4600067138672,233.25,229.74000549316406,232.8699951171875,90152800
AAPL,2024-11-26 14:30:00,233.3300018310547,235.57000732421875,233.3300018310547,235.05999755859375,45986200
AAPL,2024-11-27 14:30:00,234.47000122070312,235.69000244140625,233.80999755859375,234.92999267578125,33498400
AAPL,2024-11-29 14:30:00,234.80999755859375,237.80999755859375,233.97000122070312,237.3300018310547,28481400
AAPL,2024-12-02 14:30:00,237.27000427246094,240.7899932861328,237.16000366210938,239.58999633789062,48137100
AAPL,2024-12-03 14:30:00,239.80999755859375,242.75999450683594,238.89999389648438,242.64999389648438,38861000
AAPL,2024-12-04 14:30:00,242.8699951171875,244.11000061035156,241.25,243.00999450683594,44383900
AAPL,2024-12-05 14:30:00,243.99000549316406,244.5399932861328,242.1300048828125,243.0399932861328,40033900
AAPL,2024-12-06 14:30:00,242.91000366210938,244.6300048828125,242.0800018310547,242.83999633789062,36870600
AAPL,2024-12-09 14:30:00,241.8300018310547,247.24000549316406,241.75,246.75,44649200
AAPL,2024-12-10 14:30:00,246.88999938964844,248.2100067138672,245.33999633789062,247.77000427246094,36914800
AAPL,2024-12-11 14:30:00,247.9600067138672,250.8000030517578,246.25999450683594,246.49000549316406,45205800
AAPL,2024-12-12 14:30:00,246.88999938964844,248.74000549316406,245.67999267578125,247.9600067138672,32777500
AAPL,2024-12-13 14:30:00,247.82000732421875,249.2899932861328,246.24000549316406,248.1300048828125,33155300
AAPL,2024-12-16 14:30:00,247.99000549316406,251.3800048828125,247.64999389648438,251.0399932861328,51694800
AAPL,2024-12-17 14:30:00,250.0800018310547,253.8300018310547,249.77999877929688,253.47999572753906,51356400
AAPL,2024-12-18 14:30:00,252.16000366210938,254.27999877929688,247.74000549316406,248.0500030517578,56774100
AAPL,2024-12-19 14:30:00,247.5,252.0,247.08999633789062,249.7899932861328,60882300
AAPL,2024-12-20 14:30:00,248.0399932861328,255.0,245.69000244140625,254.49000549316406,147495300
AAPL,2024-12-23 14:30:00,254.77000427246094,255.64999389648438,253.4499969482422,255.27000427246094,40858800
AAPL,2024-12-24 14:30:00,255.49000549316406,258.2099914550781,255.2899932861328,258.20001220703125,23234700
AAPL,2024-12-26 14:30:00,258.19000244140625,260.1000061035156,257.6300048828125,259.0199890136719,27237100
AAPL,2024-12-27 14:30:00,257.8299865722656,258.70001220703125,253.05999755859375,255.58999633789062,42355300
AAPL,2024-12-30 14:30:00,252.22999572753906,253.5,250.75,252.1999969482422,35557500
AAPL,2024-12-31 14:30:00,252.44000244140625,253.27999877929688,249.42999267578125,250.4199981689453,39480700
AAPL,2025-01-02 14:30:00,248.92999267578125,249.10000610351562,241.82000732421875,243.85000610351562,55740700
AAPL,2025-01-03 14:30:00,243.36000061035156,244.17999267578125,241.88999938964844,243.36000061035156,40244100
AAPL,2025-01-06 14:30:00,244.30999755859375,247.3300018310547,243.1999969482422,245.0,45045600
AAPL,2025-01-07 14:30:00,242.97999572753906,245.5500030517578,241.35000610351562,242.2100067138672,40856000
AAPL,2025-01-08 14:30:00,241.9199981689453,243.7100067138672,240.0500030517578,242.6999969482422,37628900
AAPL,2025-01-10 14:30:00,240.00999450683594,240.16000366210938,233.0,236.85000610351562,61710900
AAPL,2025-01-13 14:30:00,233.52999877929688,234.6699981689453,229.72000122070312,234.39999389648438,49630700
AAPL,2025-01-14 14:30:00,234.75,236.1199951171875,232.47000122070312,233.27999877929688,39435300
AAPL,2025-01-15 14:30:00,234.63999938964844,238.9600067138672,234.42999267578125,237.8699951171875,39832000
AAPL,2025-01-16 14:30:00,237.35000610351562,238.00999450683594,228.02999877929688,228.25999450683594,71759100
AAPL,2025-01-17 14:30:00,232.1199951171875,232.2899932861328,228.47999572753906,229.97999572753906,68488300
AAPL,2025-01-21 14:30:00,224.0,224.4199981689453,219.3800048828125,222.63999938964844,98070400
AAPL,2025-01-22 14:30:00,219.7899932861328,224.1199951171875,219.7899932861328,223.8300018310547,64126500
AAPL,2025-01-23 14:30:00,224.74000549316406,227.02999877929688,222.3000030517578,223.66000366210938,60234800
AAPL,2025-01-24 14:30:00,224.77999877929688,225.6300048828125,221.41000366210938,222.77999877929688,54697900
AAPL,2025-01-27 14:30:00,224.02000427246094,232.14999389648438,223.97999572753906,229.86000061035156,94863400
AAPL,2025-01-28 14:30:00,230.85000610351562,240.19000244140625,230.80999755859375,238.25999450683594,75707600
AAPL,2025-01-29 14:30:00,234.1199951171875,239.86000061035156,234.00999450683594,239.36000061035156,45486100
AAPL,2025-01-30 14:30:00,238.6699981689453,240.7899932861328,237.2100067138672,237.58999633789062,55658300
AAPL,2025-01-31 14:30:00,247.19000244140625,247.19000244140625,233.44000244140625,236.0,100959800
AAPL,2025-02-03 14:30:00,229.99000549316406,231.8300018310547,225.6999969482422,228.00999450683594,73063300
AAPL,2025-02-04 14:30:00,227.25,233.1300048828125,226.64999389648438,232.8000030517578,45067300
AAPL,2025-02-05 14:30:00,228.52999877929688,232.6699981689453,228.27000427246094,232.47000122070312,39620300
AAPL,2025-02-06 14:30:00,231.2899932861328,233.8000030517578,230.42999267578125,233.22000122070312,29925300
AAPL,2025-02-07 14:30:00,232.60000610351562,234.0,227.25999450683594,227.6300048828125,39707200
AAPL,2025-02-10 14:30:00,229.57000732421875,230.58999633789062,227.1999969482422,227.64999389648438,33115600
AAPL,2025-02-11 14:30:00,228.1999969482422,235.22999572753906,228.1300048828125,232.6199951171875,53718400
AAPL,2025-02-12 14:30:00,231.1999969482422,236.9600067138672,230.67999267578125,236.8699951171875,45243300
AAPL,2025-02-13 14:30:00,236.91000366210938,242.33999633789062,235.57000732421875,241.52999877929688,53614100
AAPL,2025-02-14 14:30:00,241.25,245.5500030517578,240.99000549316406,244.60000610351562,40896200
AAPL,2025-02-18 14:30:00,244.14999389648438,245.17999267578125,241.83999633789062,244.47000122070312,48822500
AAPL,2025-02-19 14:30:00,244.66000366210938,246.00999450683594,243.16000366210938,244.8699951171875,32204200
AAPL,2025-02-20 14:30:00,244.94000244140625,246.77999877929688,244.2899932861328,245.8300018310547,32316900
AAPL,2025-02-21 14:30:00,245.9499969482422,248.69000244140625,245.22000122070312,245.5500030517578,53197400
AAPL,2025-02-24 14:30:00,244.92999267578125,248.86000061035156,244.4199981689453,247.10000610351562,51326400
AAPL,2025-02-25 14:30:00,248.0,250.0,244.91000366210938,247.0399932861328,48013300
AAPL,2025-02-26 14:30:00,244.3300018310547,244.97999572753906,239.1300048828125,240.36000061035156,44433600
AAPL,2025-02-27 14:30:00,239.41000366210938,242.4600067138672,237.05999755859375,237.3000030517578,41153600
AAPL,2025-02-28 14:30:00,236.9499969482422,242.08999633789062,230.1999969482422,241.83999633789062,56833400
AAPL,2025-03-03 14:30:00,241.7899932861328,244.02999877929688,236.11000061035156,238.02999877929688,47184000
AAPL,2025-03-04 14:30:00,237.7100067138672,240.07000732421875,234.67999267578125,235.92999267578125,53798100
AAPL,2025-03-05 14:30:00,235.4199981689453,236.5500030517578,229.22999572753906,235.74000549316406,47227600
AAPL,2025-03-06 14:30:00,234.44000244140625,237.86000061035156,233.16000366210938,235.3300018310547,45170400
AAPL,2025-03-07 14:30:00,235.11000061035156,241.3699951171875,234.75999450683594,239.07000732421875,46273600
AAPL,2025-03-10 13:30:00,235.5399932861328,236.16000366210938,224.22000122070312,227.47999572753906,72071200
AAPL,2025-03-11 13:30:00,223.80999755859375,225.83999633789062,217.4499969482422,220.83999633789062,76137400
AAPL,2025-03-12 13:30:00,220.13999938964844,221.75,214.91000366210938,216.97999572753906,62547500
AAPL,2025-03-13 13:30:00,215.9499969482422,216.83999633789062,208.4199981689453,209.67999267578125,61368300
AAPL,2025-03-14 13:30:00,211.25,213.9499969482422,209.5800018310547,213.49000549316406,60107600
AAPL,2025-03-17 13:30:00,213.30999755859375,215.22000122070312,209.97000122070312,214.0,48073400
AAPL,2025-03-18 13:30:00,214.16000366210938,215.14999389648438,211.49000549316406,212.69000244140625,42432400
AAPL,2025-03-19 13:30:00,214.22000122070312,218.75999450683594,213.75,215.24000549316406,54385400
AAPL,2025-03-20 13:30:00,213.99000549316406,217.49000549316406,212.22000122070312,214.10000610351562,48862900
AAPL,2025-03-21 13:30:00,211.55999755859375,218.83999633789062,211.27999877929688,218.27000427246094,94127800
AAPL,2025-03-24 13:30:00,221.0,221.47999572753906,218.5800018310547,220.72999572753906,44299500
AAPL,2025-03-25 13:30:00,220.77000427246094,224.10000610351562,220.0800018310547,223.75,34493600
AAPL,2025-03-26 13:30:00,223.50999450683594,225.02000427246094,220.47000122070312,221.52999877929688,34466100
AAPL,2025-03-27 13:30:00,221.38999938964844,224.99000549316406,220.55999755859375,223.85000610351562,37094800
AAPL,2025-03-28 13:30:00,221.6699981689453,223.80999755859375,217.67999267578125,217.89999389648438,39818600
AAPL,2025-03-31 13:30:00,217.00999450683594,225.6199951171875,216.22999572753906,222.1300048828125,65299300
AAPL,2025-04-01 13:30:00,219.80999755859375,223.67999267578125,218.89999389648438,223.19000244140625,36412700
AAPL,2025-04-02 13:30:00,221.32000732421875,225.19000244140625,221.02000427246094,223.88999938964844,35905900
AAPL,2025-04-03 13:30:00,205.5399932861328,207.49000549316406,201.25,203.19000244140625,103419000
AAPL,2025-04-04 13:30:00,193.88999938964844,199.8800048828125,187.33999633789062,188.3800048828125,125910900
AAPL,2025-04-07 13:30:00,177.1999969482422,194.14999389648438,174.6199951171875,181.4600067138672,160466300
AAPL,2025-04-08 13:30:00,186.6999969482422,190.33999633789062,169.2100067138672,172.4199981689453,120859500
AAPL,2025-04-09 13:30:00,171.9499969482422,200.61000061035156,171.88999938964844,198.85000610351562,184395900
AAPL,2025-04-10 13:30:00,189.07000732421875,194.77999877929688,183.0,190.4199981689453,121880000
AAPL,2025-04-11 13:30:00,186.10000610351562,199.5399932861328,186.05999755859375,198.14999389648438,87435900
AAPL,2025-04-14 13:30:00,211.44000244140625,212.94000244140625,201.16000366210938,202.52000427246094,101352900
AAPL,2025-04-15 13:30:00,201.86000061035156,203.50999450683594,199.8000030517578,202.13999938964844,51343900
AAPL,2025-04-16 13:30:00,198.36000061035156,200.6999969482422,192.3699951171875,194.27000427246094,59732400
AAPL,2025-04-17 13:30:00,197.1999969482422,198.8300018310547,194.4199981689453,196.97999572753906,52164700
AAPL,2025-04-21 13:30:00,193.27000427246094,193.8000030517578,189.80999755859375,193.16000366210938,46742500
AAPL,2025-04-22 13:30:00,196.1199951171875,201.58999633789062,195.97000122070312,199.74000549316406,52976400
AAPL,2025-04-23 13:30:00,206.0,208.0,202.8000030517578,204.60000610351562,52929200
AAPL,2025-04-24 13:30:00,204.88999938964844,208.8300018310547,202.94000244140625,208.3699951171875,47311000
AAPL,2025-04-25 13:30:00,206.3699951171875,209.75,206.1999969482422,209.27999877929688,38222300
AAPL,2025-04-28 13:30:00,210.0,211.5,207.4600067138672,210.13999938964844,38743100
AAPL,2025-04-29 13:30:00,208.69000244140625,212.24000549316406,208.3699951171875,211.2100067138672,36827600
AAPL,2025-04-30 13:30:00,209.3000030517578,213.5800018310547,206.6699981689453,212.5,52286500
AAPL,2025-05-01 13:30:00,209.0800018310547,214.55999755859375,208.89999389648438,213.32000732421875,57365700
AAPL,2025-05-02 13:30:00,206.08999633789062,206.99000549316406,202.16000366210938,205.35000610351562,101010600
AAPL,2025-05-05 13:30:00,203.10000610351562,204.10000610351562,198.2100067138672,198.88999938964844,69018500
AAPL,2025-05-06 13:30:00,198.2100067138672,200.64999389648438,197.02000427246094,198.50999450683594,51216500
AAPL,2025-05-07 13:30:00,199.1699981689453,199.44000244140625,193.25,196.25,68536700
AAPL,2025-05-08 13:30:00,197.72000122070312,200.0500030517578,194.67999267578125,197.49000549316406,50478900
AAPL,2025-05-09 13:30:00,199.0,200.5399932861328,197.5399932861328,198.52999877929688,36453900
AAPL,2025-05-12 13:30:00,210.97000122070312,211.27000427246094,206.75,210.7899932861328,63775800
AAPL,2025-05-13 13:30:00,210.42999267578125,213.39999389648438,209.0,212.92999267578125,51909300
AAPL,2025-05-14 13:30:00,212.42999267578125,213.94000244140625,210.5800018310547,212.3300018310547,49325800
AAPL,2025-05-15 13:30:00,210.9499969482422,212.9600067138672,209.5399932861328,211.4499969482422,45029500
AAPL,2025-05-16 13:30:00,212.36000061035156,212.57000732421875,209.77000427246094,211.25999450683594,54737900
AAPL,2025-05-19 13:30:00,207.91000366210938,209.47999572753906,204.25999450683594,208.77999877929688,46140500
AAPL,2025-05-20 13:30:00,207.6699981689453,208.47000122070312,205.02999877929688,206.86000061035156,42496600
AAPL,2025-05-21 13:30:00,205.1699981689453,207.0399932861328,200.7100067138672,202.08999633789062,59211800
AAPL,2025-05-22 13:30:00,200.7100067138672,202.75,199.6999969482422,201.36000061035156,46742400
AAPL,2025-05-23 13:30:00,193.6699981689453,197.6999969482422,193.4600067138672,195.27000427246094,78432900
AAPL,2025-05-27 13:30:00,198.3000030517578,200.74000549316406,197.42999267578125,200.2100067138672,56288500
AAPL,2025-05-28 13:30:00,200.58999633789062,202.72999572753906,199.89999389648438,200.4199981689453,45339700
AAPL,2025-05-29 13:30:00,203.5800018310547,203.80999755859375,198.50999450683594,199.9499969482422,51396800
AAPL,2025-05-30 13:30:00,199.3699951171875,201.9600067138672,196.77999877929688,200.85000610351562,70819900
AAPL,2025-06-02 13:30:00,200.27999877929688,202.1300048828125,200.1199951171875,201.6999969482422,35423300
AAPL,2025-06-03 13:30:00,201.35000610351562,203.77000427246094,200.9600067138672,203.27000427246094,46381600
AAPL,2025-06-04 13:30:00,202.91000366210938,206.24000549316406,202.10000610351562,202.82000732421875,43604000
AAPL,2025-06-05 13:30:00,203.5,204.75,200.14999389648438,200.6300048828125,55126100
AAPL,2025-06-06 13:30:00,203.0,205.6999969482422,202.0500030517578,203.9199981689453,46607700
AAPL,2025-06-09 13:30:00,204.38999938964844,206.0,200.02000427246094,201.4499969482422,72862600
AAPL,2025-06-10 13:30:00,200.60000610351562,204.35000610351562,200.57000732421875,202.6699981689453,54672600
AAPL,2025-06-11 13:30:00,203.5,204.5,198.41000366210938,198.77999877929688,60989900
AAPL,2025-06-12 13:30:00,199.0800018310547,199.67999267578125,197.36000061035156,199.1999969482422,43904600
AAPL,2025-06-13 13:30:00,199.72999572753906,200.3699951171875,195.6999969482422,196.4499969482422,51447300
AAPL,2025-06-16 13:30:00,197.3000030517578,198.69000244140625,196.55999755859375,198.4199981689453,43020700
AAPL,2025-06-17 13:30:00,197.1999969482422,198.38999938964844,195.2100067138672,195.63999938964844,38856200
AAPL,2025-06-18 13:30:00,195.94000244140625,197.57000732421875,195.07000732421875,196.5800018310547,45394700
AAPL,2025-06-20 13:30:00,198.24000549316406,201.6999969482422,196.86000061035156,201.0,96813500
AAPL,2025-06-23 13:30:00,201.6300048828125,202.3000030517578,198.9600067138672,201.5,55814300
AAPL,2025-06-24 13:30:00,202.58999633789062,203.44000244140625,200.1999969482422,200.3000030517578,54064000
AAPL,2025-06-25 13:30:00,201.4499969482422,203.6699981689453,200.6199951171875,201.55999755859375,39525700
AAPL,2025-06-26 13:30:00,201.42999267578125,202.63999938964844,199.4600067138672,201.0,50799100
AAPL,2025-06-27 13:30:00,201.88999938964844,203.22000122070312,200.0,201.0800018310547,73188600
AAPL,2025-06-30 13:30:00,202.00999450683594,207.38999938964844,199.25999450683594,205.1699981689453,91912800
AAPL,2025-07-01 13:30:00,206.6699981689453,210.19000244140625,206.13999938964844,207.82000732421875,78788900
AAPL,2025-07-02 13:30:00,208.91000366210938,213.33999633789062,208.13999938964844,212.44000244140625,67941800
AAPL,2025-07-03 13:30:00,212.14999389648438,214.64999389648438,211.80999755859375,213.5500030517578,34955800
AAPL,2025-07-07 13:30:00,212.67999267578125,216.22999572753906,208.8000030517578,209.9499969482422,50229000
AAPL,2025-07-08 13:30:00,210.10000610351562,211.42999267578125,208.4499969482422,210.00999450683594,42848900
AAPL,2025-07-09 13:30:00,209.52999877929688,211.3300018310547,207.22000122070312,211.13999938964844,48749400
AAPL,2025-07-10 13:30:00,210.50999450683594,213.47999572753906,210.02999877929688,212.41000366210938,44443600
AAPL,2025-07-11 13:30:00,210.57000732421875,212.1300048828125,209.86000061035156,211.16000366210938,39765800
AAPL,2025-07-14 13:30:00,209.92999267578125,210.91000366210938,207.5399932861328,208.6199951171875,38840100
AAPL,2025-07-15 13:30:00,209.22000122070312,211.88999938964844,208.9199981689453,209.11000061035156,42296300
AAPL,2025-07-16 13:30:00,210.3000030517578,212.39999389648438,208.63999938964844,210.16000366210938,47490500
AAPL,2025-07-17 13:30:00,210.57000732421875,211.8000030517578,209.58999633789062,210.02000427246094,48068100
AAPL,2025-07-18 13:30:00,210.8699951171875,211.7899932861328,209.6999969482422,211.17999267578125,48974600
AAPL,2025-07-21 13:30:00,212.10000610351562,215.77999877929688,211.6300048828125,212.47999572753906,51377400
AAPL,2025-07-22 13:30:00,213.13999938964844,214.9499969482422,212.22999572753906,214.39999389648438,46404100
AAPL,2025-07-23 13:30:00,215.0,215.14999389648438,212.41000366210938,214.14999389648438,46989300
AAPL,2025-07-24 13:30:00,213.89999389648438,215.69000244140625,213.52999877929688,213.75999450683594,46022600
AAPL,2025-07-25 13:30:00,214.6999969482422,215.24000549316406,213.39999389648438,213.8800048828125,40268800
AAPL,2025-07-28 13:30:00,214.02999877929688,214.85000610351562,213.05999755859375,214.0500030517578,37858000
AAPL,2025-07-29 13:30:00,214.17999267578125,214.80999755859375,210.82000732421875,211.27000427246094,51411700
AAPL,2025-07-30 13:30:00,211.89999389648438,212.38999938964844,207.72000122070312,209.0500030517578,45512500
AAPL,2025-07-31 13:30:00,208.49000549316406,209.83999633789062,207.16000366210938,207.57000732421875,80698400
AAPL,2025-08-01 13:30:00,210.8699951171875,213.5800018310547,201.5,202.3800048828125,104434500
AAPL,2025-08-04 13:30:00,204.50999450683594,207.8800048828125,201.67999267578125,203.35000610351562,75109300
AAPL,2025-08-05 13:30:00,203.39999389648438,205.33999633789062,202.16000366210938,202.9199981689453,44155100
AAPL,2025-08-06 13:30:00,205.6300048828125,215.3800048828125,205.58999633789062,213.25,108483100
AAPL,2025-08-07 13:30:00,218.8800048828125,220.85000610351562,216.5800018310547,220.02999877929688,90224800
AAPL,2025-08-08 13:30:00,220.8300018310547,231.0,219.25,229.35000610351562,113854000
AAPL,2025-08-11 13:30:00,227.9199981689453,229.55999755859375,224.75999450683594,227.17999267578125,61806100
AAPL,2025-08-12 13:30:00,228.00999450683594,230.8000030517578,227.07000732421875,229.64999389648438,55626200
AAPL,2025-08-13 13:30:00,231.07000732421875,235.0,230.42999267578125,233.3300018310547,69878500
AAPL,2025-08-14 13:30:00,234.05999755859375,235.1199951171875,230.85000610351562,232.77999877929688,51916300
AAPL,2025-08-15 13:30:00,234.0,234.27999877929688,229.33999633789062,231.58999633789062,56038700
AAPL,2025-08-18 13:30:00,231.6999969482422,233.1199951171875,230.11000061035156,230.88999938964844,37476200
AAPL,2025-08-19 13:30:00,231.27999877929688,232.8699951171875,229.35000610351562,230.55999755859375,39402600
AAPL,2025-08-20 13:30:00,229.97999572753906,230.47000122070312,225.77000427246094,226.00999450683594,42263900
AAPL,2025-08-21 13:30:00,226.27000427246094,226.52000427246094,223.77999877929688,224.89999389648438,30621200
AAPL,2025-08-22 13:30:00,226.1699981689453,229.08999633789062,225.41000366210938,227.75999450683594,42477800
AAPL,2025-08-25 13:30:00,226.47999572753906,229.3000030517578,226.22999572753906,227.16000366210938,30983100
AAPL,2025-08-26 13:30:00,226.8699951171875,229.49000549316406,224.69000244140625,229.30999755859375,54575100
AAPL,2025-08-27 13:30:00,228.61000061035156,230.89999389648438,228.25999450683594,230.49000549316406,31259500
AAPL,2025-08-28 13:30:00,230.82000732421875,233.41000366210938,229.33999633789062,232.55999755859375,38074700
AAPL,2025-08-29 13:30:00,232.50999450683594,233.3800048828125,231.3699951171875,232.13999938964844,39418400
AAPL,2025-09-02 13:30:00,229.25,230.85000610351562,226.97000122070312,229.72000122070312,44075600
AAPL,2025-09-03 13:30:00,237.2100067138672,238.85000610351562,234.36000061035156,238.47000122070312,66427800
AAPL,2025-09-04 13:30:00,238.4499969482422,239.89999389648438,236.74000549316406,239.77999877929688,47549400
AAPL,2025-09-05 13:30:00,240.0,241.32000732421875,238.49000549316406,239.69000244140625,54870400
AAPL,2025-09-08 13:30:00,239.3000030517578,240.14999389648438,236.33999633789062,237.8800048828125,48999500
AAPL,2025-09-09 13:30:00,237.0,238.77999877929688,233.36000061035156,234.35000610351562,66313900
AAPL,2025-09-10 13:30:00,232.19000244140625,232.4199981689453,225.9499969482422,226.7899932861328,83440800
AAPL,2025-09-11 13:30:00,226.8800048828125,230.4499969482422,226.64999389648438,230.02999877929688,50208600
AAPL,2025-09-12 13:30:00,229.22000122070312,234.50999450683594,229.02000427246094,234.07000732421875,55824200
AAPL,2025-09-15 13:30:00,237.0,238.19000244140625,235.02999877929688,236.6999969482422,42699500
AAPL,2025-09-16 13:30:00,237.17999267578125,241.22000122070312,236.32000732421875,238.14999389648438,63421100
AAPL,2025-09-17 13:30:00,238.97000122070312,240.10000610351562,237.72999572753906,238.99000549316406,46508000
AAPL,2025-09-18 13:30:00,239.97000122070312,241.1999969482422,236.64999389648438,237.8800048828125,44249600
AAPL,2025-09-19 13:30:00,241.22999572753906,246.3000030517578,240.2100067138672,245.5,163741300
AAPL,2025-09-22 13:30:00,248.3000030517578,256.6400146484375,248.1199951171875,256.0799865722656,105517400
AAPL,2025-09-23 13:30:00,255.8800048828125,257.3399963378906,253.5800018310547,254.42999267578125,60275200
AAPL,2025-09-24 13:30:00,255.22000122070312,255.74000549316406,251.0399932861328,252.30999755859375,42303700
AAPL,2025-09-25 13:30:00,253.2100067138672,257.1700134277344,251.7100067138672,256.8699951171875,55202100
AAPL,2025-09-26 13:30:00,254.10000610351562,257.6000061035156,253.77999877929688,255.4600067138672,46076300
AAPL,2025-09-29 13:30:00,254.55999755859375,255.0,253.00999450683594,254.42999267578125,40127700
AAPL,2025-09-30 13:30:00,254.86000061035156,255.9199981689453,253.11000061035156,254.6300048828125,37704300
AAPL,2025-10-01 13:30:00,255.0399932861328,258.7900085449219,254.92999267578125,255.4499969482422,48713900
AAPL,2025-10-02 13:30:00,256.5799865722656,258.17999267578125,254.14999389648438,257.1300048828125,42630200
AAPL,2025-10-03 13:30:00,254.6699981689453,259.239990234375,253.9499969482422,258.0199890136719,49155600
AAPL,2025-10-06 13:30:00,257.989990234375,259.07000732421875,255.0500030517578,256.69000244140625,44664100
AAPL,2025-10-07 13:30:00,256.80999755859375,257.3999938964844,255.42999267578125,256.4800109863281,31955800
AAPL,2025-10-08 13:30:00,256.5199890136719,258.5199890136719,256.1099853515625,258.05999755859375,36496900
AAPL,2025-10-09 13:30:00,257.80999755859375,258.0,253.13999938964844,254.0399932861328,38322000
AAPL,2025-10-10 13:30:00,254.94000244140625,256.3800048828125,244.0,245.27000427246094,61999100
AAPL,2025-10-13 13:30:00,249.3800048828125,249.69000244140625,245.55999755859375,247.66000366210938,38142900
AAPL,2025-10-14 13:30:00,246.60000610351562,248.85000610351562,244.6999969482422,247.77000427246094,35478000
AAPL,2025-10-15 13:30:00,249.49000549316406,251.82000732421875,247.47000122070312,249.33999633789062,33893600
AAPL,2025-10-16 13:30:00,248.25,249.0399932861328,245.1300048828125,247.4499969482422,39777000
AAPL,2025-10-17 13:30:00,248.02000427246094,253.3800048828125,247.27000427246094,252.2899932861328,49147000
AAPL,2025-10-20 13:30:00,255.88999938964844,264.3800048828125,255.6300048828125,262.239990234375,90483000
AAPL,2025-10-21 13:30:00,261.8800048828125,265.2900085449219,261.8299865722656,262.7699890136719,46695900
AAPL,2025-10-22 13:30:00,262.6499938964844,262.8500061035156,255.42999267578125,258.45001220703125,45015300
AAPL,2025-10-23 13:30:00,259.94000244140625,260.6199951171875,258.010009765625,259.5799865722656,32754900
AAPL,2025-10-24 13:30:00,261.19000244140625,264.1300048828125,259.17999267578125,262.82000732421875,38253700
AAPL,2025-10-27 13:30:00,264.8800048828125,269.1199951171875,264.6499938964844,268.80999755859375,44888200
AAPL,2025-10-28 13:30:00,268.989990234375,269.8900146484375,268.1499938964844,269.0,41534800
AAPL,2025-10-29 13:30:00,269.2799987792969,271.4100036621094,267.1099853515625,269.70001220703125,51086700
AAPL,2025-10-30 13:30:00,271.989990234375,274.1400146484375,268.4800109863281,271.3999938964844,69886500
AAPL,2025-10-31 13:30:00,276.989990234375,277.32000732421875,269.1600036621094,270.3699951171875,86167100
AAPL,2025-11-03 14:30:00,270.4200134277344,270.8500061035156,266.25,269.04998779296875,50194600
AAPL,2025-11-04 14:30:00,268.3299865722656,271.489990234375,267.6199951171875,270.0400085449219,49274800
AAPL,2025-11-05 14:30:00,268.6099853515625,271.70001220703125,266.92999267578125,270.1400146484375,43683100
AAPL,2025-11-06 14:30:00,267.8900146484375,273.3999938964844,267.8900146484375,269.7699890136719,51204000
AAPL,2025-11-07 14:30:00,269.79998779296875,272.2900085449219,266.7699890136719,268.4700012207031,48227400
AAPL,2025-11-10 14:30:00,268.9599914550781,273.7300109863281,267.4599914550781,269.42999267578125,41312400
AAPL,2025-11-11 14:30:00,269.80999755859375,275.9100036621094,269.79998779296875,275.25,46208300
AAPL,2025-11-12 14:30:00,275.0,275.7300109863281,271.70001220703125,273.4700012207031,48398000
AAPL,2025-11-13 14:30:00,274.1099853515625,276.70001220703125,272.0899963378906,272.95001220703125,49602800
AAPL,2025-11-14 14:30:00,271.04998779296875,275.9599914550781,269.6000061035156,272.4100036621094,47431300
AAPL,2025-11-17 14:30:00,268.82000732421875,270.489990234375,265.7300109863281,267.4599914550781,45018300
AAPL,2025-11-18 14:30:00,269.989990234375,270.7099914550781,265.32000732421875,267.44000244140625,45677300
AAPL,2025-11-19 14:30:00,265.5299987792969,272.2099914550781,265.5,268.55999755859375,40424500
AAPL,2025-11-20 14:30:00,270.8299865722656,275.42999267578125,265.9200134277344,266.25,45823600
AAPL,2025-11-21 14:30:00,265.95001220703125,273.3299865722656,265.6700134277344,271.489990234375,59030800
AAPL,2025-11-24 14:30:00,270.8999938964844,277.0,270.8999938964844,275.9200134277344,65585800
AAPL,2025-11-25 14:30:00,275.2699890136719,280.3800048828125,275.25,276.9700012207031,46914200
AAPL,2025-11-26 14:30:00,276.9599914550781,279.5299987792969,276.6300048828125,277.54998779296875,33431400
AAPL,2025-11-28 14:30:00,277.260009765625,279.0,275.989990234375,278.8500061035156,20135600
AAPL,2025-12-01 14:30:00,278.010009765625,283.4200134277344,276.1400146484375,283.1000061035156,46587700
AAPL,2025-12-02 14:30:00,283.0,287.3999938964844,282.6300048828125,286.19000244140625,53669500
AAPL,2025-12-03 14:30:00,286.20001220703125,288.6199951171875,283.29998779296875,284.1499938964844,43538700
AAPL,2025-12-04 14:30:00,284.1000061035156,284.7300109863281,278.5899963378906,280.70001220703125,43989100
AAPL,2025-12-05 14:30:00,280.5400085449219,281.1400146484375,278.04998779296875,278.7799987792969,47265800
AAPL,2025-12-08 14:30:00,278.1300048828125,279.6700134277344,276.1499938964844,277.8900146484375,38211800
AAPL,2025-12-09 14:30:00,278.1600036621094,280.0299987792969,276.9200134277344,277.17999267578125,32193300
AAPL,2025-12-10 14:30:00,277.75,279.75,276.44000244140625,278.7799987792969,33038300
AAPL,2025-12-11 14:30:00,279.1000061035156,279.5899963378906,273.80999755859375,278.0299987792969,33248000
AAPL,2025-12-12 14:30:00,277.8999938964844,279.2200012207031,276.82000732421875,278.2799987792969,39532900
AAPL,2025-12-15 14:30:00,280.1499938964844,280.1499938964844,272.8399963378906,274.1099853515625,50409100
AAPL,2025-12-16 14:30:00,272.82000732421875,275.5,271.7900085449219,274.6099853515625,37648600
AAPL,2025-12-17 14:30:00,275.010009765625,276.1600036621094,271.6400146484375,271.8399963378906,50138700
AAPL,2025-12-18 14:30:00,273.6099853515625,273.6300048828125,266.95001220703125,272.19000244140625,51630700
AAPL,2025-12-19 14:30:00,272.1499938964844,274.6000061035156,269.8999938964844,273.6700134277344,144632000
AAPL,2025-12-22 14:30:00,272.8599853515625,273.8800048828125,270.510009765625,270.9700012207031,36571800
AAPL,2025-12-23 14:30:00,270.8399963378906,272.5,269.55999755859375,272.3599853515625,29642000
AAPL,2025-12-24 14:30:00,272.3399963378906,275.42999267578125,272.20001220703125,273.80999755859375,17910600
AAPL,2025-12-26 14:30:00,274.1600036621094,275.3699951171875,272.8599853515625,273.3999938964844,21521800
AAPL,2025-12-29 14:30:00,272.69000244140625,274.3599853515625,272.3500061035156,273.760009765625,23715200
AAPL,2025-12-30 14:30:00,272.80999755859375,274.0799865722656,272.2799987792969,273.0799865722656,22139600
AAPL,2025-12-31 14:30:00,273.05999755859375,273.67999267578125,271.75,271.8599853515625,27293600
AAPL,2026-01-02 14:30:00,272.260009765625,277.8399963378906,269.0,271.010009765625,37838100
AAPL,2026-01-05 14:30:00,270.6400146484375,271.510009765625,266.1400146484375,267.260009765625,45647200
AAPL,2026-01-06 14:30:00,267.0,267.54998779296875,262.1199951171875,262.3599853515625,52352100
AAPL,2026-01-07 14:30:00,263.20001220703125,263.67999267578125,259.80999755859375,260.3299865722656,48309800
AAPL,2026-01-08 14:30:00,257.0199890136719,259.2900085449219,255.6999969482422,259.0400085449219,50419300
AAPL,2026-01-09 14:30:00,259.0799865722656,260.2099914550781,256.2200012207031,259.3699951171875,39997000
AAPL,2026-01-12 14:30:00,259.1600036621094,261.29998779296875,256.79998779296875,260.25,45263800
AAPL,2026-01-13 14:30:00,258.7200012207031,261.80999755859375,258.3900146484375,261.04998779296875,45730800
AAPL,2026-01-14 14:30:00,259.489990234375,261.82000732421875,256.7099914550781,259.9599914550781,40019400
AAPL,2026-01-15 14:30:00,260.6499938964844,261.0400085449219,257.04998779296875,258.2099914550781,39388600
AAPL,2026-01-16 14:30:00,257.8999938964844,258.8999938964844,254.92999267578125,255.52999877929688,72142800
AAPL,2026-01-20 14:30:00,252.72999572753906,254.7899932861328,243.4199981689453,246.6999969482422,80267500
AAPL,2026-01-21 14:30:00,248.6999969482422,251.55999755859375,245.17999267578125,247.64999389648438,54641700
AAPL,2026-01-22 14:30:00,249.1999969482422,251.0,248.14999389648438,248.35000610351562,39708300
AAPL,2026-01-23 14:30:00,247.32000732421875,249.41000366210938,244.67999267578125,248.0399932861328,41689000
AAPL,2026-01-26 14:30:00,251.47999572753906,256.55999755859375,249.8000030517578,255.41000366210938,55969200
AAPL,2026-01-27 14:30:00,259.1700134277344,261.95001220703125,258.2099914550781,258.2699890136719,49648300
AAPL,2026-01-28 14:30:00,257.6499938964844,258.8599853515625,254.50999450683594,256.44000244140625,41288000
AAPL,2026-01-29 14:30:00,258.0,259.6499938964844,254.41000366210938,258.2799987792969,67253000
AAPL,2026-01-30 14:30:00,255.1699981689453,261.8999938964844,252.17999267578125,259.4800109863281,92443400
AAPL,2026-02-02 14:30:00,260.0299987792969,270.489990234375,259.2099914550781,270.010009765625,73913400
AAPL,2026-02-03 14:30:00,269.20001220703125,271.8800048828125,267.6099853515625,269.4800109863281,64394700
AAPL,2026-02-04 14:30:00,272.2900085449219,278.95001220703125,272.2900085449219,276.489990234375,90545700
AAPL,2026-02-05 14:30:00,278.1300048828125,279.5,273.2300109863281,275.9100036621094,52977400
AAPL,2026-02-06 14:30:00,277.1199951171875,280.9100036621094,276.92999267578125,278.1199951171875,50453400
AAPL,2026-02-09 14:30:00,277.9100036621094,278.20001220703125,271.70001220703125,274.6199951171875,44623400
AAPL,2026-02-10 14:30:00,274.8900146484375,275.3699951171875,272.94000244140625,273.67999267578125,34376900
AAPL,2026-02-11 14:30:00,274.70001220703125,280.17999267578125,274.45001220703125,275.5,51931300
AAPL,2026-02-12 14:30:00,275.5899963378906,275.7200012207031,260.17999267578125,261.7300109863281,81077200
AAPL,2026-02-13 14:30:00,262.010009765625,262.2300109863281,255.4499969482422,255.77999877929688,56290700
AAPL,2026-02-17 14:30:00,258.04998779296875,266.2900085449219,255.5399932861328,263.8800048828125,58469100
AAPL,2026-02-18 14:30:00,263.6000061035156,266.82000732421875,262.45001220703125,264.3500061035156,34203300
AAPL,2026-02-19 14:30:00,262.6000061035156,264.4800109863281,260.04998779296875,260.5799865722656,30845300
AAPL,2026-02-20 14:30:00,258.9700012207031,264.75,258.1600036621094,264.5799865722656,42070500
AAPL,2026-02-23 14:30:00,263.489990234375,269.42999267578125,263.3800048828125,266.17999267578125,37308200
AAPL,2026-02-24 14:30:00,267.8599853515625,274.8900146484375,267.7099914550781,272.1400146484375,47014600
AAPL,2026-02-25 14:30:00,271.7799987792969,274.94000244140625,271.04998779296875,274.2300109863281,33714300
AAPL,2026-02-26 14:30:00,274.95001220703125,276.1099853515625,270.79998779296875,272.95001220703125,32345100
AAPL,2026-02-27 14:30:00,272.80999755859375,272.80999755859375,262.8900146484375,264.17999267578125,72366500
AAPL,2026-03-02 14:30:00,262.4100036621094,266.5299987792969,260.20001220703125,264.7200012207031,41827900
AAPL,2026-03-03 14:30:00,263.4800109863281,265.55999755859375,260.1300048828125,263.75,38568900
AAPL,2026-03-04 14:30:00,264.6499938964844,266.1499938964844,261.4200134277344,262.5199890136719,39803100
AAPL,2026-03-05 14:30:00,260.7900085449219,261.55999755859375,257.25,260.2900085449219,49658600
AAPL,2026-03-06 14:30:00,258.6300048828125,258.7699890136719,254.3699951171875,257.4599914550781,41120000
AAPL,2026-03-09 13:30:00,255.69000244140625,261.1499938964844,253.67999267578125,259.8800048828125,38218500
AAPL,2026-03-10 13:30:00,257.6499938964844,262.4800109863281,256.95001220703125,260.8299865722656,30590800
AAPL,2026-03-11 13:30:00,261.0899963378906,262.1300048828125,259.54998779296875,260.80999755859375,26218900
AAPL,2026-03-12 13:30:00,258.6600036621094,258.95001220703125,254.17999267578125,255.75999450683594,40794000
AAPL,2026-03-13 13:30:00,255.47999572753906,256.3299865722656,249.52000427246094,250.1199951171875,36930000
AAPL,2026-03-16 13:30:00,252.11000061035156,253.88999938964844,249.8800048828125,252.82000732421875,32074200
AAPL,2026-03-17 13:30:00,252.9600067138672,255.1300048828125,252.17999267578125,254.22999572753906,32361600
AAPL,2026-03-18 13:30:00,252.6300048828125,254.94000244140625,249.0,249.94000244140625,35757900
AAPL,2026-03-19 13:30:00,249.39999389648438,251.8300018310547,247.3000030517578,248.9600067138672,34864100
AAPL,2026-03-20 13:30:00,247.97999572753906,249.1999969482422,246.0,247.99000549316406,88331100
AAPL,2026-03-23 13:30:00,253.97000122070312,254.60000610351562,250.27999877929688,251.49000549316406,40546100
AAPL,2026-03-24 13:30:00,250.35000610351562,254.8300018310547,249.5500030517578,251.63999938964844,45152300
AAPL,2026-03-25 13:30:00,254.10000610351562,255.0,251.60000610351562,252.6199951171875,28476700
AAPL,2026-03-26 13:30:00,252.1199951171875,257.0,250.77000427246094,252.88999938964844,41796700
AAPL,2026-03-27 13:30:00,253.89999389648438,255.49000549316406,248.07000732421875,248.8000030517578,47900000
AAPL,2026-03-30 13:30:00,250.07000732421875,250.8699951171875,245.50999450683594,246.6300048828125,39446200
AAPL,2026-03-31 13:30:00,247.91000366210938,255.47999572753906,247.10000610351562,253.7899932861328,49598100
AAPL,2026-04-01 13:30:00,254.0800018310547,256.17999267578125,253.3300018310547,255.6300048828125,40059400
AAPL,2026-04-02 13:30:00,254.1999969482422,256.1300048828125,250.64999389648438,255.9199981689453,31289400
AAPL,2026-04-06 13:30:00,256.510009765625,262.1600036621094,256.4599914550781,258.8599853515625,29329900
AAPL,2026-04-07 13:30:00,256.1600036621094,256.20001220703125,245.6999969482422,253.5,62148000
AAPL,2026-04-08 13:30:00,258.45001220703125,259.75,256.5299987792969,258.8999938964844,41032800
AAPL,2026-04-09 13:30:00,259.0,261.1199951171875,256.07000732421875,260.489990234375,28121600
AAPL,2026-04-10 13:30:00,259.9800109863281,262.19000244140625,259.0199890136719,260.4800109863281,31291500
AAPL,2026-04-13 13:30:00,259.7300109863281,260.17999267578125,256.6600036621094,259.20001220703125,36234700
AAPL,2026-04-14 13:30:00,259.25,261.92999267578125,257.19000244140625,258.8299865722656,48370700
AAPL,2026-04-15 13:30:00,258.1600036621094,266.55999755859375,257.80999755859375,266.42999267578125,49913500
AAPL,2026-04-16 13:30:00,266.79998779296875,267.1600036621094,261.2699890136719,263.3999938964844,43323100
AAPL,2026-04-17 13:30:00,266.9599914550781,272.29998779296875,266.7200012207031,270.2300109863281,61436200
AAPL,2026-04-20 13:30:00,270.3299865722656,274.2799987792969,270.2900085449219,273.04998779296875,36590200
AAPL,2026-04-21 13:30:00,271.5,272.79998779296875,265.3999938964844,266.1700134277344,50209800
AAPL,2026-04-22 13:30:00,267.82000732421875,273.739990234375,266.8699951171875,273.1700134277344,43249200
AAPL,2026-04-23 13:30:00,275.04998779296875,275.7699890136719,271.6499938964844,273.42999267578125,33399600
AAPL,2026-04-24 13:30:00,272.760009765625,273.05999755859375,269.6499938964844,271.05999755859375,38157100
AAPL,2026-04-27 13:30:00,266.0899963378906,268.3599853515625,265.07000732421875,267.6099853515625,41466800
AAPL,2026-04-28 13:30:00,272.3399963378906,273.2300109863281,268.6600036621094,270.7099914550781,40018900
AAPL,2026-04-29 13:30:00,267.54998779296875,271.0400085449219,267.0400085449219,270.1700134277344,30047900
AAPL,2026-04-30 13:30:00,270.5,276.0,268.1400146484375,271.3500061035156,91848200
AAPL,2026-05-01 13:30:00,278.8599853515625,287.2200012207031,278.3699951171875,280.1400146484375,79915400
AAPL,2026-05-04 13:30:00,279.6600036621094,280.6300048828125,274.8599853515625,276.8299865722656,46668400
AAPL,2026-05-05 13:30:00,276.92999267578125,284.57000732421875,276.5,284.17999267578125,49311700
AAPL,2026-05-06 13:30:00,281.9200134277344,288.0299987792969,281.07000732421875,287.510009765625,58336100
AAPL,2026-05-07 13:30:00,289.2699890136719,292.1300048828125,285.7799987792969,287.44000244140625,45224300
AAPL,2026-05-08 13:30:00,290.010009765625,294.760009765625,290.0,293.32000732421875,52692800
AAPL,2026-05-11 13:30:00,291.9800109863281,293.8800048828125,290.2300109863281,292.67999267578125,42247300
AAPL,2026-05-12 13:30:00,292.55999755859375,295.2699890136719,292.55999755859375,294.79998779296875,45748100
AAPL,2026-05-13 13:30:00,293.5,300.9200134277344,293.5,298.8699951171875,52684300
AAPL,2026-05-14 13:30:00,299.82000732421875,300.45001220703125,295.3800048828125,298.2099914550781,35324900
AAPL,2026-05-15 13:30:00,297.8999938964844,303.20001220703125,296.5199890136719,300.2300109863281,54862800
AAPL,2026-05-18 13:30:00,300.239990234375,300.6600036621094,294.9100036621094,297.8399963378906,34483000
AAPL,2026-05-19 13:30:00,296.9700012207031,300.510009765625,296.3500061035156,298.9700012207031,42243600
AAPL,2026-05-20 13:30:00,298.17999267578125,302.79998779296875,298.0899963378906,302.25,37276629
